Workbook
Name TaxRate: 'הגדרות'!$B$8
Name Year: 'הגדרות'!$B$5
Name IncCats: 'רשימות'!$A$5:$A$24
Name ExpCats: 'רשימות'!$B$5:$B$34

Sheet יומן
A1: יומן הכנסות והוצאות
A2: כל תנועה בשורה: תאריך, הכנסה או הוצאה, קטגוריה וסכום ששולם (כולל מע״מ). ״כולל מע״מ?״ = לא, למשל על הוצאה בלי חשבונית מס. כל הסיכומים בגיליון ״סיכום חודשי״.
A4: הכנסות השנה (לפני מע״מ) | C4: =SUMIFS($J$8:$J$1007,$B$8:$B$1007,"הכנסה",$K$8:$K$1007,Year) -> 17000 | D4: הוצאות השנה (לפני מע״מ) | E4: =SUMIFS($J$8:$J$1007,$B$8:$B$1007,"הוצאה",$K$8:$K$1007,Year) -> 7159 | F4: רווח | G4: =C4-E4 -> 9841
A7: תאריך | B7: סוג | C7: קטגוריה | D7: תיאור | E7: לקוח / ספק | F7: מס׳ חשבונית | G7: סכום ששולם (₪) | H7: כולל מע״מ? | I7: מע״מ (₪) | J7: לפני מע״מ (₪) | K7: שנה
A8: 46389 | B8: הכנסה | C8: שירותים | D8: ריטיינר חודשי | E8: לקוח א׳ | F8: 1001 | G8: 4720 | H8: כן | I8: =IF(G8="","",IF(H8="לא",0,ROUND(G8*TaxRate/(1+TaxRate),2))) -> 720 | J8: =IF(G8="","",G8-I8) -> 4000 | K8: =IF(A8="","",YEAR(A8)) -> 2027
A9: 46390 | B9: הוצאה | C9: שכירות | D9: שכירות סטודיו | E9: בעל הנכס | G9: 3000 | H9: לא | I9: =IF(G9="","",IF(H9="לא",0,ROUND(G9*TaxRate/(1+TaxRate),2))) -> 0 | J9: =IF(G9="","",G9-I9) -> 3000 | K9: =IF(A9="","",YEAR(A9)) -> 2027
A10: 46396 | B10: הכנסה | C10: מכירות | D10: הזמנה מהאתר | E10: לקוח ב׳ | F10: 1002 | G10: 1180 | H10: כן | I10: =IF(G10="","",IF(H10="לא",0,ROUND(G10*TaxRate/(1+TaxRate),2))) -> 180 | J10: =IF(G10="","",G10-I10) -> 1000 | K10: =IF(A10="","",YEAR(A10)) -> 2027
A11: 46399 | B11: הוצאה | C11: שיווק ופרסום | D11: קמפיין ממומן | E11: Meta | G11: 590 | H11: כן | I11: =IF(G11="","",IF(H11="לא",0,ROUND(G11*TaxRate/(1+TaxRate),2))) -> 90 | J11: =IF(G11="","",G11-I11) -> 500 | K11: =IF(A11="","",YEAR(A11)) -> 2027
A12: 46407 | B12: הוצאה | C12: תוכנות ומנויים | D12: מנוי חודשי | E12: Canva | G12: 59 | H12: לא | I12: =IF(G12="","",IF(H12="לא",0,ROUND(G12*TaxRate/(1+TaxRate),2))) -> 0 | J12: =IF(G12="","",G12-I12) -> 59 | K12: =IF(A12="","",YEAR(A12)) -> 2027
A13: 46415 | B13: הכנסה | C13: שירותים | D13: פרויקט עיצוב | E13: לקוח ג׳ | F13: 1003 | G13: 7080 | H13: כן | I13: =IF(G13="","",IF(H13="לא",0,ROUND(G13*TaxRate/(1+TaxRate),2))) -> 1080 | J13: =IF(G13="","",G13-I13) -> 6000 | K13: =IF(A13="","",YEAR(A13)) -> 2027
A14: 46420 | B14: הכנסה | C14: שירותים | D14: ריטיינר חודשי | E14: לקוח א׳ | F14: 1004 | G14: 4720 | H14: כן | I14: =IF(G14="","",IF(H14="לא",0,ROUND(G14*TaxRate/(1+TaxRate),2))) -> 720 | J14: =IF(G14="","",G14-I14) -> 4000 | K14: =IF(A14="","",YEAR(A14)) -> 2027
A15: 46421 | B15: הוצאה | C15: שכירות | D15: שכירות סטודיו | E15: בעל הנכס | G15: 3000 | H15: לא | I15: =IF(G15="","",IF(H15="לא",0,ROUND(G15*TaxRate/(1+TaxRate),2))) -> 0 | J15: =IF(G15="","",G15-I15) -> 3000 | K15: =IF(A15="","",YEAR(A15)) -> 2027
A16: 46433 | B16: הוצאה | C16: ייעוץ מקצועי | D16: רואה חשבון | E16: משרד רו״ח | G16: 708 | H16: כן | I16: =IF(G16="","",IF(H16="לא",0,ROUND(G16*TaxRate/(1+TaxRate),2))) -> 108 | J16: =IF(G16="","",G16-I16) -> 600 | K16: =IF(A16="","",YEAR(A16)) -> 2027
A17: 46439 | B17: הכנסה | C17: מכירות | D17: הזמנה מהאתר | E17: לקוח ד׳ | F17: 1005 | G17: 2360 | H17: כן | I17: =IF(G17="","",IF(H17="לא",0,ROUND(G17*TaxRate/(1+TaxRate),2))) -> 360 | J17: =IF(G17="","",G17-I17) -> 2000 | K17: =IF(A17="","",YEAR(A17)) -> 2027
I18: =IF(G18="","",IF(H18="לא",0,ROUND(G18*TaxRate/(1+TaxRate),2))) | J18: =IF(G18="","",G18-I18) | K18: =IF(A18="","",YEAR(A18))
I19: =IF(G19="","",IF(H19="לא",0,ROUND(G19*TaxRate/(1+TaxRate),2))) | J19: =IF(G19="","",G19-I19) | K19: =IF(A19="","",YEAR(A19))
I20: =IF(G20="","",IF(H20="לא",0,ROUND(G20*TaxRate/(1+TaxRate),2))) | J20: =IF(G20="","",G20-I20) | K20: =IF(A20="","",YEAR(A20))
I21: =IF(G21="","",IF(H21="לא",0,ROUND(G21*TaxRate/(1+TaxRate),2))) | J21: =IF(G21="","",G21-I21) | K21: =IF(A21="","",YEAR(A21))
I22: =IF(G22="","",IF(H22="לא",0,ROUND(G22*TaxRate/(1+TaxRate),2))) | J22: =IF(G22="","",G22-I22) | K22: =IF(A22="","",YEAR(A22))
I23: =IF(G23="","",IF(H23="לא",0,ROUND(G23*TaxRate/(1+TaxRate),2))) | J23: =IF(G23="","",G23-I23) | K23: =IF(A23="","",YEAR(A23))
I24: =IF(G24="","",IF(H24="לא",0,ROUND(G24*TaxRate/(1+TaxRate),2))) | J24: =IF(G24="","",G24-I24) | K24: =IF(A24="","",YEAR(A24))
I25: =IF(G25="","",IF(H25="לא",0,ROUND(G25*TaxRate/(1+TaxRate),2))) | J25: =IF(G25="","",G25-I25) | K25: =IF(A25="","",YEAR(A25))
I26: =IF(G26="","",IF(H26="לא",0,ROUND(G26*TaxRate/(1+TaxRate),2))) | J26: =IF(G26="","",G26-I26) | K26: =IF(A26="","",YEAR(A26))
I27: =IF(G27="","",IF(H27="לא",0,ROUND(G27*TaxRate/(1+TaxRate),2))) | J27: =IF(G27="","",G27-I27) | K27: =IF(A27="","",YEAR(A27))
I28: =IF(G28="","",IF(H28="לא",0,ROUND(G28*TaxRate/(1+TaxRate),2))) | J28: =IF(G28="","",G28-I28) | K28: =IF(A28="","",YEAR(A28))
I29: =IF(G29="","",IF(H29="לא",0,ROUND(G29*TaxRate/(1+TaxRate),2))) | J29: =IF(G29="","",G29-I29) | K29: =IF(A29="","",YEAR(A29))
... I1007: =IF(G1007="","",IF(H1007="לא",0,ROUND(G1007*TaxRate/(1+TaxRate),2))) | J1007: =IF(G1007="","",G1007-I1007) | K1007: =IF(A1007="","",YEAR(A1007))

Sheet סיכום חודשי
A1: סיכום חודשי — הכנסות, הוצאות, רווח ומע״מ
A2: הכול מחושב מהיומן לפי השנה שבהגדרות. מע״מ לתשלום = מע״מ על ההכנסות פחות מע״מ על ההוצאות.
A4: חודש | B4: הכנסות (₪) | C4: הוצאות (₪) | D4: רווח (₪) | E4: % רווח | F4: מע״מ עסקאות (₪) | G4: מע״מ תשומות (₪) | H4: מע״מ לתשלום (₪)
A5: ינואר | B5: =SUMIFS('יומן'!$J$8:$J$1007,'יומן'!$B$8:$B$1007,"הכנסה",'יומן'!$A$8:$A$1007,">="&DATE(Year,1,1),'יומן'!$A$8:$A$1007,"<"&DATE(Year,2,1)) -> 11000 | C5: =SUMIFS('יומן'!$J$8:$J$1007,'יומן'!$B$8:$B$1007,"הוצאה",'יומן'!$A$8:$A$1007,">="&DATE(Year,1,1),'יומן'!$A$8:$A$1007,"<"&DATE(Year,2,1)) -> 3559 | D5: =B5-C5 -> 7441 | E5: =IF(B5=0,"",D5/B5) -> 0.67645455 | F5: =SUMIFS('יומן'!$I$8:$I$1007,'יומן'!$B$8:$B$1007,"הכנסה",'יומן'!$A$8:$A$1007,">="&DATE(Year,1,1),'יומן'!$A$8:$A$1007,"<"&DATE(Year,2,1)) -> 1980 | G5: =SUMIFS('יומן'!$I$8:$I$1007,'יומן'!$B$8:$B$1007,"הוצאה",'יומן'!$A$8:$A$1007,">="&DATE(Year,1,1),'יומן'!$A$8:$A$1007,"<"&DATE(Year,2,1)) -> 90 | H5: =F5-G5 -> 1890
A6: פברואר | B6: =SUMIFS('יומן'!$J$8:$J$1007,'יומן'!$B$8:$B$1007,"הכנסה",'יומן'!$A$8:$A$1007,">="&DATE(Year,2,1),'יומן'!$A$8:$A$1007,"<"&DATE(Year,3,1)) -> 6000 | C6: =SUMIFS('יומן'!$J$8:$J$1007,'יומן'!$B$8:$B$1007,"הוצאה",'יומן'!$A$8:$A$1007,">="&DATE(Year,2,1),'יומן'!$A$8:$A$1007,"<"&DATE(Year,3,1)) -> 3600 | D6: =B6-C6 -> 2400 | E6: =IF(B6=0,"",D6/B6) -> 0.4 | F6: =SUMIFS('יומן'!$I$8:$I$1007,'יומן'!$B$8:$B$1007,"הכנסה",'יומן'!$A$8:$A$1007,">="&DATE(Year,2,1),'יומן'!$A$8:$A$1007,"<"&DATE(Year,3,1)) -> 1080 | G6: =SUMIFS('יומן'!$I$8:$I$1007,'יומן'!$B$8:$B$1007,"הוצאה",'יומן'!$A$8:$A$1007,">="&DATE(Year,2,1),'יומן'!$A$8:$A$1007,"<"&DATE(Year,3,1)) -> 108 | H6: =F6-G6 -> 972
A7: מרץ | B7: =SUMIFS('יומן'!$J$8:$J$1007,'יומן'!$B$8:$B$1007,"הכנסה",'יומן'!$A$8:$A$1007,">="&DATE(Year,3,1),'יומן'!$A$8:$A$1007,"<"&DATE(Year,4,1)) -> 0 | C7: =SUMIFS('יומן'!$J$8:$J$1007,'יומן'!$B$8:$B$1007,"הוצאה",'יומן'!$A$8:$A$1007,">="&DATE(Year,3,1),'יומן'!$A$8:$A$1007,"<"&DATE(Year,4,1)) -> 0 | D7: =B7-C7 -> 0 | E7: =IF(B7=0,"",D7/B7) | F7: =SUMIFS('יומן'!$I$8:$I$1007,'יומן'!$B$8:$B$1007,"הכנסה",'יומן'!$A$8:$A$1007,">="&DATE(Year,3,1),'יומן'!$A$8:$A$1007,"<"&DATE(Year,4,1)) -> 0 | G7: =SUMIFS('יומן'!$I$8:$I$1007,'יומן'!$B$8:$B$1007,"הוצאה",'יומן'!$A$8:$A$1007,">="&DATE(Year,3,1),'יומן'!$A$8:$A$1007,"<"&DATE(Year,4,1)) -> 0 | H7: =F7-G7 -> 0
A8: אפריל | B8: =SUMIFS('יומן'!$J$8:$J$1007,'יומן'!$B$8:$B$1007,"הכנסה",'יומן'!$A$8:$A$1007,">="&DATE(Year,4,1),'יומן'!$A$8:$A$1007,"<"&DATE(Year,5,1)) -> 0 | C8: =SUMIFS('יומן'!$J$8:$J$1007,'יומן'!$B$8:$B$1007,"הוצאה",'יומן'!$A$8:$A$1007,">="&DATE(Year,4,1),'יומן'!$A$8:$A$1007,"<"&DATE(Year,5,1)) -> 0 | D8: =B8-C8 -> 0 | E8: =IF(B8=0,"",D8/B8) | F8: =SUMIFS('יומן'!$I$8:$I$1007,'יומן'!$B$8:$B$1007,"הכנסה",'יומן'!$A$8:$A$1007,">="&DATE(Year,4,1),'יומן'!$A$8:$A$1007,"<"&DATE(Year,5,1)) -> 0 | G8: =SUMIFS('יומן'!$I$8:$I$1007,'יומן'!$B$8:$B$1007,"הוצאה",'יומן'!$A$8:$A$1007,">="&DATE(Year,4,1),'יומן'!$A$8:$A$1007,"<"&DATE(Year,5,1)) -> 0 | H8: =F8-G8 -> 0
A9: מאי | B9: =SUMIFS('יומן'!$J$8:$J$1007,'יומן'!$B$8:$B$1007,"הכנסה",'יומן'!$A$8:$A$1007,">="&DATE(Year,5,1),'יומן'!$A$8:$A$1007,"<"&DATE(Year,6,1)) -> 0 | C9: =SUMIFS('יומן'!$J$8:$J$1007,'יומן'!$B$8:$B$1007,"הוצאה",'יומן'!$A$8:$A$1007,">="&DATE(Year,5,1),'יומן'!$A$8:$A$1007,"<"&DATE(Year,6,1)) -> 0 | D9: =B9-C9 -> 0 | E9: =IF(B9=0,"",D9/B9) | F9: =SUMIFS('יומן'!$I$8:$I$1007,'יומן'!$B$8:$B$1007,"הכנסה",'יומן'!$A$8:$A$1007,">="&DATE(Year,5,1),'יומן'!$A$8:$A$1007,"<"&DATE(Year,6,1)) -> 0 | G9: =SUMIFS('יומן'!$I$8:$I$1007,'יומן'!$B$8:$B$1007,"הוצאה",'יומן'!$A$8:$A$1007,">="&DATE(Year,5,1),'יומן'!$A$8:$A$1007,"<"&DATE(Year,6,1)) -> 0 | H9: =F9-G9 -> 0
A10: יוני | B10: =SUMIFS('יומן'!$J$8:$J$1007,'יומן'!$B$8:$B$1007,"הכנסה",'יומן'!$A$8:$A$1007,">="&DATE(Year,6,1),'יומן'!$A$8:$A$1007,"<"&DATE(Year,7,1)) -> 0 | C10: =SUMIFS('יומן'!$J$8:$J$1007,'יומן'!$B$8:$B$1007,"הוצאה",'יומן'!$A$8:$A$1007,">="&DATE(Year,6,1),'יומן'!$A$8:$A$1007,"<"&DATE(Year,7,1)) -> 0 | D10: =B10-C10 -> 0 | E10: =IF(B10=0,"",D10/B10) | F10: =SUMIFS('יומן'!$I$8:$I$1007,'יומן'!$B$8:$B$1007,"הכנסה",'יומן'!$A$8:$A$1007,">="&DATE(Year,6,1),'יומן'!$A$8:$A$1007,"<"&DATE(Year,7,1)) -> 0 | G10: =SUMIFS('יומן'!$I$8:$I$1007,'יומן'!$B$8:$B$1007,"הוצאה",'יומן'!$A$8:$A$1007,">="&DATE(Year,6,1),'יומן'!$A$8:$A$1007,"<"&DATE(Year,7,1)) -> 0 | H10: =F10-G10 -> 0
A11: יולי | B11: =SUMIFS('יומן'!$J$8:$J$1007,'יומן'!$B$8:$B$1007,"הכנסה",'יומן'!$A$8:$A$1007,">="&DATE(Year,7,1),'יומן'!$A$8:$A$1007,"<"&DATE(Year,8,1)) -> 0 | C11: =SUMIFS('יומן'!$J$8:$J$1007,'יומן'!$B$8:$B$1007,"הוצאה",'יומן'!$A$8:$A$1007,">="&DATE(Year,7,1),'יומן'!$A$8:$A$1007,"<"&DATE(Year,8,1)) -> 0 | D11: =B11-C11 -> 0 | E11: =IF(B11=0,"",D11/B11) | F11: =SUMIFS('יומן'!$I$8:$I$1007,'יומן'!$B$8:$B$1007,"הכנסה",'יומן'!$A$8:$A$1007,">="&DATE(Year,7,1),'יומן'!$A$8:$A$1007,"<"&DATE(Year,8,1)) -> 0 | G11: =SUMIFS('יומן'!$I$8:$I$1007,'יומן'!$B$8:$B$1007,"הוצאה",'יומן'!$A$8:$A$1007,">="&DATE(Year,7,1),'יומן'!$A$8:$A$1007,"<"&DATE(Year,8,1)) -> 0 | H11: =F11-G11 -> 0
A12: אוגוסט | B12: =SUMIFS('יומן'!$J$8:$J$1007,'יומן'!$B$8:$B$1007,"הכנסה",'יומן'!$A$8:$A$1007,">="&DATE(Year,8,1),'יומן'!$A$8:$A$1007,"<"&DATE(Year,9,1)) -> 0 | C12: =SUMIFS('יומן'!$J$8:$J$1007,'יומן'!$B$8:$B$1007,"הוצאה",'יומן'!$A$8:$A$1007,">="&DATE(Year,8,1),'יומן'!$A$8:$A$1007,"<"&DATE(Year,9,1)) -> 0 | D12: =B12-C12 -> 0 | E12: =IF(B12=0,"",D12/B12) | F12: =SUMIFS('יומן'!$I$8:$I$1007,'יומן'!$B$8:$B$1007,"הכנסה",'יומן'!$A$8:$A$1007,">="&DATE(Year,8,1),'יומן'!$A$8:$A$1007,"<"&DATE(Year,9,1)) -> 0 | G12: =SUMIFS('יומן'!$I$8:$I$1007,'יומן'!$B$8:$B$1007,"הוצאה",'יומן'!$A$8:$A$1007,">="&DATE(Year,8,1),'יומן'!$A$8:$A$1007,"<"&DATE(Year,9,1)) -> 0 | H12: =F12-G12 -> 0
A13: ספטמבר | B13: =SUMIFS('יומן'!$J$8:$J$1007,'יומן'!$B$8:$B$1007,"הכנסה",'יומן'!$A$8:$A$1007,">="&DATE(Year,9,1),'יומן'!$A$8:$A$1007,"<"&DATE(Year,10,1)) -> 0 | C13: =SUMIFS('יומן'!$J$8:$J$1007,'יומן'!$B$8:$B$1007,"הוצאה",'יומן'!$A$8:$A$1007,">="&DATE(Year,9,1),'יומן'!$A$8:$A$1007,"<"&DATE(Year,10,1)) -> 0 | D13: =B13-C13 -> 0 | E13: =IF(B13=0,"",D13/B13) | F13: =SUMIFS('יומן'!$I$8:$I$1007,'יומן'!$B$8:$B$1007,"הכנסה",'יומן'!$A$8:$A$1007,">="&DATE(Year,9,1),'יומן'!$A$8:$A$1007,"<"&DATE(Year,10,1)) -> 0 | G13: =SUMIFS('יומן'!$I$8:$I$1007,'יומן'!$B$8:$B$1007,"הוצאה",'יומן'!$A$8:$A$1007,">="&DATE(Year,9,1),'יומן'!$A$8:$A$1007,"<"&DATE(Year,10,1)) -> 0 | H13: =F13-G13 -> 0
A14: אוקטובר | B14: =SUMIFS('יומן'!$J$8:$J$1007,'יומן'!$B$8:$B$1007,"הכנסה",'יומן'!$A$8:$A$1007,">="&DATE(Year,10,1),'יומן'!$A$8:$A$1007,"<"&DATE(Year,11,1)) -> 0 | C14: =SUMIFS('יומן'!$J$8:$J$1007,'יומן'!$B$8:$B$1007,"הוצאה",'יומן'!$A$8:$A$1007,">="&DATE(Year,10,1),'יומן'!$A$8:$A$1007,"<"&DATE(Year,11,1)) -> 0 | D14: =B14-C14 -> 0 | E14: =IF(B14=0,"",D14/B14) | F14: =SUMIFS('יומן'!$I$8:$I$1007,'יומן'!$B$8:$B$1007,"הכנסה",'יומן'!$A$8:$A$1007,">="&DATE(Year,10,1),'יומן'!$A$8:$A$1007,"<"&DATE(Year,11,1)) -> 0 | G14: =SUMIFS('יומן'!$I$8:$I$1007,'יומן'!$B$8:$B$1007,"הוצאה",'יומן'!$A$8:$A$1007,">="&DATE(Year,10,1),'יומן'!$A$8:$A$1007,"<"&DATE(Year,11,1)) -> 0 | H14: =F14-G14 -> 0
A15: נובמבר | B15: =SUMIFS('יומן'!$J$8:$J$1007,'יומן'!$B$8:$B$1007,"הכנסה",'יומן'!$A$8:$A$1007,">="&DATE(Year,11,1),'יומן'!$A$8:$A$1007,"<"&DATE(Year,12,1)) -> 0 | C15: =SUMIFS('יומן'!$J$8:$J$1007,'יומן'!$B$8:$B$1007,"הוצאה",'יומן'!$A$8:$A$1007,">="&DATE(Year,11,1),'יומן'!$A$8:$A$1007,"<"&DATE(Year,12,1)) -> 0 | D15: =B15-C15 -> 0 | E15: =IF(B15=0,"",D15/B15) | F15: =SUMIFS('יומן'!$I$8:$I$1007,'יומן'!$B$8:$B$1007,"הכנסה",'יומן'!$A$8:$A$1007,">="&DATE(Year,11,1),'יומן'!$A$8:$A$1007,"<"&DATE(Year,12,1)) -> 0 | G15: =SUMIFS('יומן'!$I$8:$I$1007,'יומן'!$B$8:$B$1007,"הוצאה",'יומן'!$A$8:$A$1007,">="&DATE(Year,11,1),'יומן'!$A$8:$A$1007,"<"&DATE(Year,12,1)) -> 0 | H15: =F15-G15 -> 0
A16: דצמבר | B16: =SUMIFS('יומן'!$J$8:$J$1007,'יומן'!$B$8:$B$1007,"הכנסה",'יומן'!$A$8:$A$1007,">="&DATE(Year,12,1),'יומן'!$A$8:$A$1007,"<"&DATE(Year,13,1)) -> 0 | C16: =SUMIFS('יומן'!$J$8:$J$1007,'יומן'!$B$8:$B$1007,"הוצאה",'יומן'!$A$8:$A$1007,">="&DATE(Year,12,1),'יומן'!$A$8:$A$1007,"<"&DATE(Year,13,1)) -> 0 | D16: =B16-C16 -> 0 | E16: =IF(B16=0,"",D16/B16) | F16: =SUMIFS('יומן'!$I$8:$I$1007,'יומן'!$B$8:$B$1007,"הכנסה",'יומן'!$A$8:$A$1007,">="&DATE(Year,12,1),'יומן'!$A$8:$A$1007,"<"&DATE(Year,13,1)) -> 0 | G16: =SUMIFS('יומן'!$I$8:$I$1007,'יומן'!$B$8:$B$1007,"הוצאה",'יומן'!$A$8:$A$1007,">="&DATE(Year,12,1),'יומן'!$A$8:$A$1007,"<"&DATE(Year,13,1)) -> 0 | H16: =F16-G16 -> 0
A17: סה״כ שנה | B17: =SUM(B5:B16) -> 17000 | C17: =SUM(C5:C16) -> 7159 | D17: =SUM(D5:D16) -> 9841 | E17: =IF(B17=0,"",D17/B17) -> 0.57888235 | F17: =SUM(F5:F16) -> 3060 | G17: =SUM(G5:G16) -> 198 | H17: =SUM(H5:H16) -> 2862
A19: חודש הכי רווחי | B19: =IF(MAX(D5:D16)=0,"—",INDEX(A5:A16,MATCH(MAX(D5:D16),D5:D16,0))) -> ינואר
A20: ממוצע הכנסות לחודש | B20: =IFERROR(AVERAGEIF(B5:B16,">0"),0) -> 8500

Sheet לפי קטגוריה
A1: לאן הולך הכסף — לפי קטגוריה
A2: סיכום השנה (לפי ההגדרות) לכל קטגוריה, לפני מע״מ.
A4: קטגוריית הוצאה | B4: סה״כ (₪) | C4: % מההוצאות
A5: =IF('רשימות'!B5="","",'רשימות'!B5) -> שכירות | B5: =IF(A5="","",SUMIFS('יומן'!$J$8:$J$1007,'יומן'!$B$8:$B$1007,"הוצאה",'יומן'!$C$8:$C$1007,A5,'יומן'!$K$8:$K$1007,Year)) -> 6000 | C5: =IF(OR(A5="",SUM($B$5:$B$34)=0),"",B5/SUM($B$5:$B$34)) -> 0.83810588
A6: =IF('רשימות'!B6="","",'רשימות'!B6) -> ספקים וחומרים | B6: =IF(A6="","",SUMIFS('יומן'!$J$8:$J$1007,'יומן'!$B$8:$B$1007,"הוצאה",'יומן'!$C$8:$C$1007,A6,'יומן'!$K$8:$K$1007,Year)) -> 0 | C6: =IF(OR(A6="",SUM($B$5:$B$34)=0),"",B6/SUM($B$5:$B$34)) -> 0
A7: =IF('רשימות'!B7="","",'רשימות'!B7) -> שיווק ופרסום | B7: =IF(A7="","",SUMIFS('יומן'!$J$8:$J$1007,'יומן'!$B$8:$B$1007,"הוצאה",'יומן'!$C$8:$C$1007,A7,'יומן'!$K$8:$K$1007,Year)) -> 500 | C7: =IF(OR(A7="",SUM($B$5:$B$34)=0),"",B7/SUM($B$5:$B$34)) -> 0.069842157
A8: =IF('רשימות'!B8="","",'רשימות'!B8) -> תוכנות ומנויים | B8: =IF(A8="","",SUMIFS('יומן'!$J$8:$J$1007,'יומן'!$B$8:$B$1007,"הוצאה",'יומן'!$C$8:$C$1007,A8,'יומן'!$K$8:$K$1007,Year)) -> 59 | C8: =IF(OR(A8="",SUM($B$5:$B$34)=0),"",B8/SUM($B$5:$B$34)) -> 0.0082413745
A9: =IF('רשימות'!B9="","",'רשימות'!B9) -> רכב ונסיעות | B9: =IF(A9="","",SUMIFS('יומן'!$J$8:$J$1007,'יומן'!$B$8:$B$1007,"הוצאה",'יומן'!$C$8:$C$1007,A9,'יומן'!$K$8:$K$1007,Year)) -> 0 | C9: =IF(OR(A9="",SUM($B$5:$B$34)=0),"",B9/SUM($B$5:$B$34)) -> 0
A10: =IF('רשימות'!B10="","",'רשימות'!B10) -> שכר ועובדים | B10: =IF(A10="","",SUMIFS('יומן'!$J$8:$J$1007,'יומן'!$B$8:$B$1007,"הוצאה",'יומן'!$C$8:$C$1007,A10,'יומן'!$K$8:$K$1007,Year)) -> 0 | C10: =IF(OR(A10="",SUM($B$5:$B$34)=0),"",B10/SUM($B$5:$B$34)) -> 0
A11: =IF('רשימות'!B11="","",'רשימות'!B11) -> ייעוץ מקצועי | B11: =IF(A11="","",SUMIFS('יומן'!$J$8:$J$1007,'יומן'!$B$8:$B$1007,"הוצאה",'יומן'!$C$8:$C$1007,A11,'יומן'!$K$8:$K$1007,Year)) -> 600 | C11: =IF(OR(A11="",SUM($B$5:$B$34)=0),"",B11/SUM($B$5:$B$34)) -> 0.083810588
A12: =IF('רשימות'!B12="","",'רשימות'!B12) -> ציוד | B12: =IF(A12="","",SUMIFS('יומן'!$J$8:$J$1007,'יומן'!$B$8:$B$1007,"הוצאה",'יומן'!$C$8:$C$1007,A12,'יומן'!$K$8:$K$1007,Year)) -> 0 | C12: =IF(OR(A12="",SUM($B$5:$B$34)=0),"",B12/SUM($B$5:$B$34)) -> 0
A13: =IF('רשימות'!B13="","",'רשימות'!B13) -> תקשורת | B13: =IF(A13="","",SUMIFS('יומן'!$J$8:$J$1007,'יומן'!$B$8:$B$1007,"הוצאה",'יומן'!$C$8:$C$1007,A13,'יומן'!$K$8:$K$1007,Year)) -> 0 | C13: =IF(OR(A13="",SUM($B$5:$B$34)=0),"",B13/SUM($B$5:$B$34)) -> 0
A14: =IF('רשימות'!B14="","",'רשימות'!B14) -> ביטוחים | B14: =IF(A14="","",SUMIFS('יומן'!$J$8:$J$1007,'יומן'!$B$8:$B$1007,"הוצאה",'יומן'!$C$8:$C$1007,A14,'יומן'!$K$8:$K$1007,Year)) -> 0 | C14: =IF(OR(A14="",SUM($B$5:$B$34)=0),"",B14/SUM($B$5:$B$34)) -> 0
A15: =IF('רשימות'!B15="","",'רשימות'!B15) -> אחר | B15: =IF(A15="","",SUMIFS('יומן'!$J$8:$J$1007,'יומן'!$B$8:$B$1007,"הוצאה",'יומן'!$C$8:$C$1007,A15,'יומן'!$K$8:$K$1007,Year)) -> 0 | C15: =IF(OR(A15="",SUM($B$5:$B$34)=0),"",B15/SUM($B$5:$B$34)) -> 0
A16: =IF('רשימות'!B16="","",'רשימות'!B16) | B16: =IF(A16="","",SUMIFS('יומן'!$J$8:$J$1007,'יומן'!$B$8:$B$1007,"הוצאה",'יומן'!$C$8:$C$1007,A16,'יומן'!$K$8:$K$1007,Year)) | C16: =IF(OR(A16="",SUM($B$5:$B$34)=0),"",B16/SUM($B$5:$B$34))
... A34: =IF('רשימות'!B34="","",'רשימות'!B34) | B34: =IF(A34="","",SUMIFS('יומן'!$J$8:$J$1007,'יומן'!$B$8:$B$1007,"הוצאה",'יומן'!$C$8:$C$1007,A34,'יומן'!$K$8:$K$1007,Year)) | C34: =IF(OR(A34="",SUM($B$5:$B$34)=0),"",B34/SUM($B$5:$B$34))
A37: קטגוריית הכנסה | B37: סה״כ (₪) | C37: % מההכנסות
A38: =IF('רשימות'!A5="","",'רשימות'!A5) -> מכירות | B38: =IF(A38="","",SUMIFS('יומן'!$J$8:$J$1007,'יומן'!$B$8:$B$1007,"הכנסה",'יומן'!$C$8:$C$1007,A38,'יומן'!$K$8:$K$1007,Year)) -> 3000 | C38: =IF(OR(A38="",SUM($B$38:$B$57)=0),"",B38/SUM($B$38:$B$57)) -> 0.17647059
A39: =IF('רשימות'!A6="","",'רשימות'!A6) -> שירותים | B39: =IF(A39="","",SUMIFS('יומן'!$J$8:$J$1007,'יומן'!$B$8:$B$1007,"הכנסה",'יומן'!$C$8:$C$1007,A39,'יומן'!$K$8:$K$1007,Year)) -> 14000 | C39: =IF(OR(A39="",SUM($B$38:$B$57)=0),"",B39/SUM($B$38:$B$57)) -> 0.82352941
A40: =IF('רשימות'!A7="","",'רשימות'!A7) -> ריטיינר / מנוי | B40: =IF(A40="","",SUMIFS('יומן'!$J$8:$J$1007,'יומן'!$B$8:$B$1007,"הכנסה",'יומן'!$C$8:$C$1007,A40,'יומן'!$K$8:$K$1007,Year)) -> 0 | C40: =IF(OR(A40="",SUM($B$38:$B$57)=0),"",B40/SUM($B$38:$B$57)) -> 0
A41: =IF('רשימות'!A8="","",'רשימות'!A8) -> הכנסה אחרת | B41: =IF(A41="","",SUMIFS('יומן'!$J$8:$J$1007,'יומן'!$B$8:$B$1007,"הכנסה",'יומן'!$C$8:$C$1007,A41,'יומן'!$K$8:$K$1007,Year)) -> 0 | C41: =IF(OR(A41="",SUM($B$38:$B$57)=0),"",B41/SUM($B$38:$B$57)) -> 0
A42: =IF('רשימות'!A9="","",'רשימות'!A9) | B42: =IF(A42="","",SUMIFS('יומן'!$J$8:$J$1007,'יומן'!$B$8:$B$1007,"הכנסה",'יומן'!$C$8:$C$1007,A42,'יומן'!$K$8:$K$1007,Year)) | C42: =IF(OR(A42="",SUM($B$38:$B$57)=0),"",B42/SUM($B$38:$B$57))
A43: =IF('רשימות'!A10="","",'רשימות'!A10) | B43: =IF(A43="","",SUMIFS('יומן'!$J$8:$J$1007,'יומן'!$B$8:$B$1007,"הכנסה",'יומן'!$C$8:$C$1007,A43,'יומן'!$K$8:$K$1007,Year)) | C43: =IF(OR(A43="",SUM($B$38:$B$57)=0),"",B43/SUM($B$38:$B$57))
A44: =IF('רשימות'!A11="","",'רשימות'!A11) | B44: =IF(A44="","",SUMIFS('יומן'!$J$8:$J$1007,'יומן'!$B$8:$B$1007,"הכנסה",'יומן'!$C$8:$C$1007,A44,'יומן'!$K$8:$K$1007,Year)) | C44: =IF(OR(A44="",SUM($B$38:$B$57)=0),"",B44/SUM($B$38:$B$57))
A45: =IF('רשימות'!A12="","",'רשימות'!A12) | B45: =IF(A45="","",SUMIFS('יומן'!$J$8:$J$1007,'יומן'!$B$8:$B$1007,"הכנסה",'יומן'!$C$8:$C$1007,A45,'יומן'!$K$8:$K$1007,Year)) | C45: =IF(OR(A45="",SUM($B$38:$B$57)=0),"",B45/SUM($B$38:$B$57))
A46: =IF('רשימות'!A13="","",'רשימות'!A13) | B46: =IF(A46="","",SUMIFS('יומן'!$J$8:$J$1007,'יומן'!$B$8:$B$1007,"הכנסה",'יומן'!$C$8:$C$1007,A46,'יומן'!$K$8:$K$1007,Year)) | C46: =IF(OR(A46="",SUM($B$38:$B$57)=0),"",B46/SUM($B$38:$B$57))
A47: =IF('רשימות'!A14="","",'רשימות'!A14) | B47: =IF(A47="","",SUMIFS('יומן'!$J$8:$J$1007,'יומן'!$B$8:$B$1007,"הכנסה",'יומן'!$C$8:$C$1007,A47,'יומן'!$K$8:$K$1007,Year)) | C47: =IF(OR(A47="",SUM($B$38:$B$57)=0),"",B47/SUM($B$38:$B$57))
A48: =IF('רשימות'!A15="","",'רשימות'!A15) | B48: =IF(A48="","",SUMIFS('יומן'!$J$8:$J$1007,'יומן'!$B$8:$B$1007,"הכנסה",'יומן'!$C$8:$C$1007,A48,'יומן'!$K$8:$K$1007,Year)) | C48: =IF(OR(A48="",SUM($B$38:$B$57)=0),"",B48/SUM($B$38:$B$57))
A49: =IF('רשימות'!A16="","",'רשימות'!A16) | B49: =IF(A49="","",SUMIFS('יומן'!$J$8:$J$1007,'יומן'!$B$8:$B$1007,"הכנסה",'יומן'!$C$8:$C$1007,A49,'יומן'!$K$8:$K$1007,Year)) | C49: =IF(OR(A49="",SUM($B$38:$B$57)=0),"",B49/SUM($B$38:$B$57))
... A57: =IF('רשימות'!A24="","",'רשימות'!A24) | B57: =IF(A57="","",SUMIFS('יומן'!$J$8:$J$1007,'יומן'!$B$8:$B$1007,"הכנסה",'יומן'!$C$8:$C$1007,A57,'יומן'!$K$8:$K$1007,Year)) | C57: =IF(OR(A57="",SUM($B$38:$B$57)=0),"",B57/SUM($B$38:$B$57))

Sheet הגדרות
A1: הכנסות והוצאות לעסק — הגדרות
A2: ממלאים פעם אחת. בעוסק פטור אין מע״מ — בוחרים ״עוסק פטור״ והמע״מ יתאפס בכל הגיליונות.
A4: שם העסק | B4: שם העסק שלכם
A5: שנה | B5: 2027
A6: סוג העסק | B6: עוסק מורשה
A7: שיעור מע״מ | B7: 0.18
A8: מע״מ בפועל (מחושב) | B8: =IF(B6="עוסק פטור",0,B7) -> 0.18
A10: הסכומים ביומן נרשמים כפי ששולמו (כולל מע״מ). הגיליון מפריד את המע״מ לבד, ומסכם מע״מ עסקאות, מע״מ תשומות והפרש לתשלום. זה כלי מעקב — לא תחליף לרואה חשבון או לדיווח רשמי.

Sheet רשימות
A1: רשימות לבחירה
A2: אפשר לשנות, להוסיף או למחוק פריטים — הרשימות הנפתחות בגיליון מתעדכנות לבד.
A4: קטגוריות הכנסה | B4: קטגוריות הוצאה
A5: מכירות | B5: שכירות
A6: שירותים | B6: ספקים וחומרים
A7: ריטיינר / מנוי | B7: שיווק ופרסום
A8: הכנסה אחרת | B8: תוכנות ומנויים
B9: רכב ונסיעות
B10: שכר ועובדים
B11: ייעוץ מקצועי
B12: ציוד
B13: תקשורת
B14: ביטוחים
B15: אחר
