Workbook
Name EmpNames: 'Employees'!$A$7:$A$36
Name EmpTable: 'Employees'!$A$7:$B$36

Sheet Hours
A1: Timesheet
A2: One shift per row: date, employee, start, end and break in minutes. Hours and pay are calculated — including shifts that pass midnight.
A4: Total hours | B4: =SUM($F$7:$F$706) -> 31.75 | C4: Total pay | D4: =SUM($H$7:$H$706) -> 1785
A6: Date | B6: Employee | C6: Start | D6: End | E6: Break (min) | F6: Hours | G6: Rate | H6: Pay | I6: Notes
A7: 46296 | B7: Noa | C7: 0.375 | D7: 0.72916667 | E7: 30 | F7: =IF(OR(C7="",D7=""),"",ROUND(MOD(D7-C7,1)*24-N(E7)/60,2)) -> 8 | G7: =IF(B7="","",IFERROR(VLOOKUP(B7,EmpTable,2,FALSE),"")) -> 55 | H7: =IF(OR(F7="",G7=""),"",F7*G7) -> 440
A8: 46297 | B8: Noa | C8: 0.375 | D8: 0.66666667 | E8: 30 | F8: =IF(OR(C8="",D8=""),"",ROUND(MOD(D8-C8,1)*24-N(E8)/60,2)) -> 6.5 | G8: =IF(B8="","",IFERROR(VLOOKUP(B8,EmpTable,2,FALSE),"")) -> 55 | H8: =IF(OR(F8="",G8=""),"",F8*G8) -> 357.5
A9: 46296 | B9: Uri | C9: 0.66666667 | D9: 0.020833333 | E9: 30 | F9: =IF(OR(C9="",D9=""),"",ROUND(MOD(D9-C9,1)*24-N(E9)/60,2)) -> 8 | G9: =IF(B9="","",IFERROR(VLOOKUP(B9,EmpTable,2,FALSE),"")) -> 60 | H9: =IF(OR(F9="",G9=""),"",F9*G9) -> 480
A10: 46298 | B10: Uri | C10: 0.41666667 | D10: 0.60416667 | E10: 0 | F10: =IF(OR(C10="",D10=""),"",ROUND(MOD(D10-C10,1)*24-N(E10)/60,2)) -> 4.5 | G10: =IF(B10="","",IFERROR(VLOOKUP(B10,EmpTable,2,FALSE),"")) -> 60 | H10: =IF(OR(F10="",G10=""),"",F10*G10) -> 270
A11: 46298 | B11: Maya | C11: 0.33333333 | D11: 0.54166667 | E11: 15 | F11: =IF(OR(C11="",D11=""),"",ROUND(MOD(D11-C11,1)*24-N(E11)/60,2)) -> 4.75 | G11: =IF(B11="","",IFERROR(VLOOKUP(B11,EmpTable,2,FALSE),"")) -> 50 | H11: =IF(OR(F11="",G11=""),"",F11*G11) -> 237.5
F12: =IF(OR(C12="",D12=""),"",ROUND(MOD(D12-C12,1)*24-N(E12)/60,2)) | G12: =IF(B12="","",IFERROR(VLOOKUP(B12,EmpTable,2,FALSE),"")) | H12: =IF(OR(F12="",G12=""),"",F12*G12)
F13: =IF(OR(C13="",D13=""),"",ROUND(MOD(D13-C13,1)*24-N(E13)/60,2)) | G13: =IF(B13="","",IFERROR(VLOOKUP(B13,EmpTable,2,FALSE),"")) | H13: =IF(OR(F13="",G13=""),"",F13*G13)
F14: =IF(OR(C14="",D14=""),"",ROUND(MOD(D14-C14,1)*24-N(E14)/60,2)) | G14: =IF(B14="","",IFERROR(VLOOKUP(B14,EmpTable,2,FALSE),"")) | H14: =IF(OR(F14="",G14=""),"",F14*G14)
F15: =IF(OR(C15="",D15=""),"",ROUND(MOD(D15-C15,1)*24-N(E15)/60,2)) | G15: =IF(B15="","",IFERROR(VLOOKUP(B15,EmpTable,2,FALSE),"")) | H15: =IF(OR(F15="",G15=""),"",F15*G15)
F16: =IF(OR(C16="",D16=""),"",ROUND(MOD(D16-C16,1)*24-N(E16)/60,2)) | G16: =IF(B16="","",IFERROR(VLOOKUP(B16,EmpTable,2,FALSE),"")) | H16: =IF(OR(F16="",G16=""),"",F16*G16)
F17: =IF(OR(C17="",D17=""),"",ROUND(MOD(D17-C17,1)*24-N(E17)/60,2)) | G17: =IF(B17="","",IFERROR(VLOOKUP(B17,EmpTable,2,FALSE),"")) | H17: =IF(OR(F17="",G17=""),"",F17*G17)
F18: =IF(OR(C18="",D18=""),"",ROUND(MOD(D18-C18,1)*24-N(E18)/60,2)) | G18: =IF(B18="","",IFERROR(VLOOKUP(B18,EmpTable,2,FALSE),"")) | H18: =IF(OR(F18="",G18=""),"",F18*G18)
F19: =IF(OR(C19="",D19=""),"",ROUND(MOD(D19-C19,1)*24-N(E19)/60,2)) | G19: =IF(B19="","",IFERROR(VLOOKUP(B19,EmpTable,2,FALSE),"")) | H19: =IF(OR(F19="",G19=""),"",F19*G19)
F20: =IF(OR(C20="",D20=""),"",ROUND(MOD(D20-C20,1)*24-N(E20)/60,2)) | G20: =IF(B20="","",IFERROR(VLOOKUP(B20,EmpTable,2,FALSE),"")) | H20: =IF(OR(F20="",G20=""),"",F20*G20)
F21: =IF(OR(C21="",D21=""),"",ROUND(MOD(D21-C21,1)*24-N(E21)/60,2)) | G21: =IF(B21="","",IFERROR(VLOOKUP(B21,EmpTable,2,FALSE),"")) | H21: =IF(OR(F21="",G21=""),"",F21*G21)
F22: =IF(OR(C22="",D22=""),"",ROUND(MOD(D22-C22,1)*24-N(E22)/60,2)) | G22: =IF(B22="","",IFERROR(VLOOKUP(B22,EmpTable,2,FALSE),"")) | H22: =IF(OR(F22="",G22=""),"",F22*G22)
F23: =IF(OR(C23="",D23=""),"",ROUND(MOD(D23-C23,1)*24-N(E23)/60,2)) | G23: =IF(B23="","",IFERROR(VLOOKUP(B23,EmpTable,2,FALSE),"")) | H23: =IF(OR(F23="",G23=""),"",F23*G23)
... F706: =IF(OR(C706="",D706=""),"",ROUND(MOD(D706-C706,1)*24-N(E706)/60,2)) | G706: =IF(B706="","",IFERROR(VLOOKUP(B706,EmpTable,2,FALSE),"")) | H706: =IF(OR(F706="",G706=""),"",F706*G706)

Sheet Employees
A1: Employees & rates
A2: List employees and hourly rates here. On the Hours sheet pick an employee and the rate fills in. Choose a month to see monthly totals.
A4: Month to sum: | B4: 46296
A6: Employee | B6: Hourly rate | C6: Hours this month | D6: Pay this month | E6: Shifts this month
A7: Noa | B7: 55 | C7: =IF($A7="","",SUMIFS('Hours'!$F$7:$F$706,'Hours'!$B$7:$B$706,$A7,'Hours'!$A$7:$A$706,">="&$B$4,'Hours'!$A$7:$A$706,"<"&DATE(YEAR($B$4),MONTH($B$4)+1,1))) -> 14.5 | D7: =IF($A7="","",SUMIFS('Hours'!$H$7:$H$706,'Hours'!$B$7:$B$706,$A7,'Hours'!$A$7:$A$706,">="&$B$4,'Hours'!$A$7:$A$706,"<"&DATE(YEAR($B$4),MONTH($B$4)+1,1))) -> 797.5 | E7: =IF($A7="","",COUNTIFS('Hours'!$B$7:$B$706,$A7,'Hours'!$A$7:$A$706,">="&$B$4,'Hours'!$A$7:$A$706,"<"&DATE(YEAR($B$4),MONTH($B$4)+1,1))) -> 2
A8: Uri | B8: 60 | C8: =IF($A8="","",SUMIFS('Hours'!$F$7:$F$706,'Hours'!$B$7:$B$706,$A8,'Hours'!$A$7:$A$706,">="&$B$4,'Hours'!$A$7:$A$706,"<"&DATE(YEAR($B$4),MONTH($B$4)+1,1))) -> 12.5 | D8: =IF($A8="","",SUMIFS('Hours'!$H$7:$H$706,'Hours'!$B$7:$B$706,$A8,'Hours'!$A$7:$A$706,">="&$B$4,'Hours'!$A$7:$A$706,"<"&DATE(YEAR($B$4),MONTH($B$4)+1,1))) -> 750 | E8: =IF($A8="","",COUNTIFS('Hours'!$B$7:$B$706,$A8,'Hours'!$A$7:$A$706,">="&$B$4,'Hours'!$A$7:$A$706,"<"&DATE(YEAR($B$4),MONTH($B$4)+1,1))) -> 2
A9: Maya | B9: 50 | C9: =IF($A9="","",SUMIFS('Hours'!$F$7:$F$706,'Hours'!$B$7:$B$706,$A9,'Hours'!$A$7:$A$706,">="&$B$4,'Hours'!$A$7:$A$706,"<"&DATE(YEAR($B$4),MONTH($B$4)+1,1))) -> 4.75 | D9: =IF($A9="","",SUMIFS('Hours'!$H$7:$H$706,'Hours'!$B$7:$B$706,$A9,'Hours'!$A$7:$A$706,">="&$B$4,'Hours'!$A$7:$A$706,"<"&DATE(YEAR($B$4),MONTH($B$4)+1,1))) -> 237.5 | E9: =IF($A9="","",COUNTIFS('Hours'!$B$7:$B$706,$A9,'Hours'!$A$7:$A$706,">="&$B$4,'Hours'!$A$7:$A$706,"<"&DATE(YEAR($B$4),MONTH($B$4)+1,1))) -> 1
C10: =IF($A10="","",SUMIFS('Hours'!$F$7:$F$706,'Hours'!$B$7:$B$706,$A10,'Hours'!$A$7:$A$706,">="&$B$4,'Hours'!$A$7:$A$706,"<"&DATE(YEAR($B$4),MONTH($B$4)+1,1))) | D10: =IF($A10="","",SUMIFS('Hours'!$H$7:$H$706,'Hours'!$B$7:$B$706,$A10,'Hours'!$A$7:$A$706,">="&$B$4,'Hours'!$A$7:$A$706,"<"&DATE(YEAR($B$4),MONTH($B$4)+1,1))) | E10: =IF($A10="","",COUNTIFS('Hours'!$B$7:$B$706,$A10,'Hours'!$A$7:$A$706,">="&$B$4,'Hours'!$A$7:$A$706,"<"&DATE(YEAR($B$4),MONTH($B$4)+1,1)))
C11: =IF($A11="","",SUMIFS('Hours'!$F$7:$F$706,'Hours'!$B$7:$B$706,$A11,'Hours'!$A$7:$A$706,">="&$B$4,'Hours'!$A$7:$A$706,"<"&DATE(YEAR($B$4),MONTH($B$4)+1,1))) | D11: =IF($A11="","",SUMIFS('Hours'!$H$7:$H$706,'Hours'!$B$7:$B$706,$A11,'Hours'!$A$7:$A$706,">="&$B$4,'Hours'!$A$7:$A$706,"<"&DATE(YEAR($B$4),MONTH($B$4)+1,1))) | E11: =IF($A11="","",COUNTIFS('Hours'!$B$7:$B$706,$A11,'Hours'!$A$7:$A$706,">="&$B$4,'Hours'!$A$7:$A$706,"<"&DATE(YEAR($B$4),MONTH($B$4)+1,1)))
C12: =IF($A12="","",SUMIFS('Hours'!$F$7:$F$706,'Hours'!$B$7:$B$706,$A12,'Hours'!$A$7:$A$706,">="&$B$4,'Hours'!$A$7:$A$706,"<"&DATE(YEAR($B$4),MONTH($B$4)+1,1))) | D12: =IF($A12="","",SUMIFS('Hours'!$H$7:$H$706,'Hours'!$B$7:$B$706,$A12,'Hours'!$A$7:$A$706,">="&$B$4,'Hours'!$A$7:$A$706,"<"&DATE(YEAR($B$4),MONTH($B$4)+1,1))) | E12: =IF($A12="","",COUNTIFS('Hours'!$B$7:$B$706,$A12,'Hours'!$A$7:$A$706,">="&$B$4,'Hours'!$A$7:$A$706,"<"&DATE(YEAR($B$4),MONTH($B$4)+1,1)))
C13: =IF($A13="","",SUMIFS('Hours'!$F$7:$F$706,'Hours'!$B$7:$B$706,$A13,'Hours'!$A$7:$A$706,">="&$B$4,'Hours'!$A$7:$A$706,"<"&DATE(YEAR($B$4),MONTH($B$4)+1,1))) | D13: =IF($A13="","",SUMIFS('Hours'!$H$7:$H$706,'Hours'!$B$7:$B$706,$A13,'Hours'!$A$7:$A$706,">="&$B$4,'Hours'!$A$7:$A$706,"<"&DATE(YEAR($B$4),MONTH($B$4)+1,1))) | E13: =IF($A13="","",COUNTIFS('Hours'!$B$7:$B$706,$A13,'Hours'!$A$7:$A$706,">="&$B$4,'Hours'!$A$7:$A$706,"<"&DATE(YEAR($B$4),MONTH($B$4)+1,1)))
C14: =IF($A14="","",SUMIFS('Hours'!$F$7:$F$706,'Hours'!$B$7:$B$706,$A14,'Hours'!$A$7:$A$706,">="&$B$4,'Hours'!$A$7:$A$706,"<"&DATE(YEAR($B$4),MONTH($B$4)+1,1))) | D14: =IF($A14="","",SUMIFS('Hours'!$H$7:$H$706,'Hours'!$B$7:$B$706,$A14,'Hours'!$A$7:$A$706,">="&$B$4,'Hours'!$A$7:$A$706,"<"&DATE(YEAR($B$4),MONTH($B$4)+1,1))) | E14: =IF($A14="","",COUNTIFS('Hours'!$B$7:$B$706,$A14,'Hours'!$A$7:$A$706,">="&$B$4,'Hours'!$A$7:$A$706,"<"&DATE(YEAR($B$4),MONTH($B$4)+1,1)))
C15: =IF($A15="","",SUMIFS('Hours'!$F$7:$F$706,'Hours'!$B$7:$B$706,$A15,'Hours'!$A$7:$A$706,">="&$B$4,'Hours'!$A$7:$A$706,"<"&DATE(YEAR($B$4),MONTH($B$4)+1,1))) | D15: =IF($A15="","",SUMIFS('Hours'!$H$7:$H$706,'Hours'!$B$7:$B$706,$A15,'Hours'!$A$7:$A$706,">="&$B$4,'Hours'!$A$7:$A$706,"<"&DATE(YEAR($B$4),MONTH($B$4)+1,1))) | E15: =IF($A15="","",COUNTIFS('Hours'!$B$7:$B$706,$A15,'Hours'!$A$7:$A$706,">="&$B$4,'Hours'!$A$7:$A$706,"<"&DATE(YEAR($B$4),MONTH($B$4)+1,1)))
C16: =IF($A16="","",SUMIFS('Hours'!$F$7:$F$706,'Hours'!$B$7:$B$706,$A16,'Hours'!$A$7:$A$706,">="&$B$4,'Hours'!$A$7:$A$706,"<"&DATE(YEAR($B$4),MONTH($B$4)+1,1))) | D16: =IF($A16="","",SUMIFS('Hours'!$H$7:$H$706,'Hours'!$B$7:$B$706,$A16,'Hours'!$A$7:$A$706,">="&$B$4,'Hours'!$A$7:$A$706,"<"&DATE(YEAR($B$4),MONTH($B$4)+1,1))) | E16: =IF($A16="","",COUNTIFS('Hours'!$B$7:$B$706,$A16,'Hours'!$A$7:$A$706,">="&$B$4,'Hours'!$A$7:$A$706,"<"&DATE(YEAR($B$4),MONTH($B$4)+1,1)))
C17: =IF($A17="","",SUMIFS('Hours'!$F$7:$F$706,'Hours'!$B$7:$B$706,$A17,'Hours'!$A$7:$A$706,">="&$B$4,'Hours'!$A$7:$A$706,"<"&DATE(YEAR($B$4),MONTH($B$4)+1,1))) | D17: =IF($A17="","",SUMIFS('Hours'!$H$7:$H$706,'Hours'!$B$7:$B$706,$A17,'Hours'!$A$7:$A$706,">="&$B$4,'Hours'!$A$7:$A$706,"<"&DATE(YEAR($B$4),MONTH($B$4)+1,1))) | E17: =IF($A17="","",COUNTIFS('Hours'!$B$7:$B$706,$A17,'Hours'!$A$7:$A$706,">="&$B$4,'Hours'!$A$7:$A$706,"<"&DATE(YEAR($B$4),MONTH($B$4)+1,1)))
C18: =IF($A18="","",SUMIFS('Hours'!$F$7:$F$706,'Hours'!$B$7:$B$706,$A18,'Hours'!$A$7:$A$706,">="&$B$4,'Hours'!$A$7:$A$706,"<"&DATE(YEAR($B$4),MONTH($B$4)+1,1))) | D18: =IF($A18="","",SUMIFS('Hours'!$H$7:$H$706,'Hours'!$B$7:$B$706,$A18,'Hours'!$A$7:$A$706,">="&$B$4,'Hours'!$A$7:$A$706,"<"&DATE(YEAR($B$4),MONTH($B$4)+1,1))) | E18: =IF($A18="","",COUNTIFS('Hours'!$B$7:$B$706,$A18,'Hours'!$A$7:$A$706,">="&$B$4,'Hours'!$A$7:$A$706,"<"&DATE(YEAR($B$4),MONTH($B$4)+1,1)))
C19: =IF($A19="","",SUMIFS('Hours'!$F$7:$F$706,'Hours'!$B$7:$B$706,$A19,'Hours'!$A$7:$A$706,">="&$B$4,'Hours'!$A$7:$A$706,"<"&DATE(YEAR($B$4),MONTH($B$4)+1,1))) | D19: =IF($A19="","",SUMIFS('Hours'!$H$7:$H$706,'Hours'!$B$7:$B$706,$A19,'Hours'!$A$7:$A$706,">="&$B$4,'Hours'!$A$7:$A$706,"<"&DATE(YEAR($B$4),MONTH($B$4)+1,1))) | E19: =IF($A19="","",COUNTIFS('Hours'!$B$7:$B$706,$A19,'Hours'!$A$7:$A$706,">="&$B$4,'Hours'!$A$7:$A$706,"<"&DATE(YEAR($B$4),MONTH($B$4)+1,1)))
C20: =IF($A20="","",SUMIFS('Hours'!$F$7:$F$706,'Hours'!$B$7:$B$706,$A20,'Hours'!$A$7:$A$706,">="&$B$4,'Hours'!$A$7:$A$706,"<"&DATE(YEAR($B$4),MONTH($B$4)+1,1))) | D20: =IF($A20="","",SUMIFS('Hours'!$H$7:$H$706,'Hours'!$B$7:$B$706,$A20,'Hours'!$A$7:$A$706,">="&$B$4,'Hours'!$A$7:$A$706,"<"&DATE(YEAR($B$4),MONTH($B$4)+1,1))) | E20: =IF($A20="","",COUNTIFS('Hours'!$B$7:$B$706,$A20,'Hours'!$A$7:$A$706,">="&$B$4,'Hours'!$A$7:$A$706,"<"&DATE(YEAR($B$4),MONTH($B$4)+1,1)))
C21: =IF($A21="","",SUMIFS('Hours'!$F$7:$F$706,'Hours'!$B$7:$B$706,$A21,'Hours'!$A$7:$A$706,">="&$B$4,'Hours'!$A$7:$A$706,"<"&DATE(YEAR($B$4),MONTH($B$4)+1,1))) | D21: =IF($A21="","",SUMIFS('Hours'!$H$7:$H$706,'Hours'!$B$7:$B$706,$A21,'Hours'!$A$7:$A$706,">="&$B$4,'Hours'!$A$7:$A$706,"<"&DATE(YEAR($B$4),MONTH($B$4)+1,1))) | E21: =IF($A21="","",COUNTIFS('Hours'!$B$7:$B$706,$A21,'Hours'!$A$7:$A$706,">="&$B$4,'Hours'!$A$7:$A$706,"<"&DATE(YEAR($B$4),MONTH($B$4)+1,1)))
... C36: =IF($A36="","",SUMIFS('Hours'!$F$7:$F$706,'Hours'!$B$7:$B$706,$A36,'Hours'!$A$7:$A$706,">="&$B$4,'Hours'!$A$7:$A$706,"<"&DATE(YEAR($B$4),MONTH($B$4)+1,1))) | D36: =IF($A36="","",SUMIFS('Hours'!$H$7:$H$706,'Hours'!$B$7:$B$706,$A36,'Hours'!$A$7:$A$706,">="&$B$4,'Hours'!$A$7:$A$706,"<"&DATE(YEAR($B$4),MONTH($B$4)+1,1))) | E36: =IF($A36="","",COUNTIFS('Hours'!$B$7:$B$706,$A36,'Hours'!$A$7:$A$706,">="&$B$4,'Hours'!$A$7:$A$706,"<"&DATE(YEAR($B$4),MONTH($B$4)+1,1)))
